{"model":{"version":3,"nodes":[{"name":"RootNode","position":[0,0,0],"rotation":[0,0,0],"scale":[0.01,0.01,0.01],"scaleCompensation":false},{"name":"bg","position":[0,0,-0.128999],"rotation":[0,0,0],"scale":[7.64444,13.15,0.1],"scaleCompensation":false}],"parents":[-1,0],"skins":[],"morphs":[],"vertices":[{"position":{"type":"float32","components":3,"data":[0.5,0.5,0.5,-0.5,0.5,0.5,-0.5,-0.5,0.5,0.5,-0.5,0.5,0.5,0.5,0.5,0.5,0.5,-0.5,-0.5,0.5,0.5,-0.5,0.5,-0.5,0.5,-0.5,-0.5,-0.5,-0.5,-0.5,-0.5,0.5,-0.5,0.5,0.5,-0.5,0.5,-0.5,0.5,-0.5,-0.5,0.5,-0.5,-0.5,-0.5,0.5,-0.5,-0.5,0.5,0.5,0.5,0.5,-0.5,0.5,0.5,0.5,-0.5,0.5,-0.5,-0.5,-0.5,0.5,0.5,-0.5,-0.5,-0.5,-0.5,-0.5,0.5,-0.5,0.5,-0.5]},"normal":{"type":"float32","components":3,"data":[0,0,1,0,0,1,0,0,1,0,0,1,0,1,0,0,1,0,0,1,0,0,1,0,0,0,-1,0,0,-1,0,0,-1,0,0,-1,0,-1,0,0,-1,0,0,-1,0,0,-1,0,1,0,0,1,0,0,1,0,0,1,0,0,-1,0,0,-1,0,0,-1,0,0,-1,0,0]},"texCoord0":{"type":"float32","components":2,"data":[1.00112,0.995382,0.0038386,0.995382,0.0038386,-0.00189725,1.00112,-0.00189725,0.998555,0.25,0.998588,0.499865,0.99063,0.25,0.990663,0.499865,0.998588,0.749865,0.990663,0.749865,0.990663,0.499865,0.998588,0.499865,0.998555,1,0.99063,1,0.990663,0.749865,0.998588,0.749865,0.99062,0.25,0.99062,-7.45058e-09,0.998578,0.249865,0.998578,-0.000134505,0.99063,0.25,0.982738,-0.000134505,0.99063,-7.45058e-09,0.982738,0.249865]}}],"meshes":[{"aabb":{"min":[-0.5,-0.5,-0.5],"max":[0.5,0.5,0.5]},"vertices":0,"indices":[0,1,2,0,2,3,4,5,6,6,5,7,8,9,10,8,10,11,12,13,14,12,14,15,16,17,18,17,19,18,20,21,22,21,20,23],"type":"triangles","base":0,"count":36}],"meshInstances":[{"node":1,"mesh":0}]}}