{"model":{"version":3,"nodes":[{"name":"RootNode","position":[0,0,0],"rotation":[0,0,0],"scale":[0.01,0.01,0.01],"scaleCompensation":false},{"name":"consultingPH","position":[-1.7,4.42027,0],"rotation":[0,0,180],"scale":[2.87094,1.81961,0.25],"scaleCompensation":false}],"parents":[-1,0],"skins":[],"morphs":[],"vertices":[{"position":{"type":"float32","components":3,"data":[0.476926,0.5,0.5,-0.5,0.5,0.5,-0.5,-0.5,0.5,0.476926,-0.5,0.5,0.476926,0.5,0.5,0.476926,0.5,-0.500003,-0.5,0.5,0.5,-0.5,0.5,-0.500003,0.476926,-0.5,-0.500003,-0.5,-0.5,-0.500003,-0.5,0.5,-0.500003,0.476926,0.5,-0.500003,0.476926,-0.5,0.5,-0.5,-0.5,0.5,-0.5,-0.5,-0.500003,0.476926,-0.5,-0.500003,0.517306,0.39166,0.5,0.517306,-0.39166,0.5,0.517306,0.39166,-0.500003,0.517306,-0.39166,-0.500003,-0.5,0.5,0.5,-0.5,-0.5,-0.500003,-0.5,-0.5,0.5,-0.5,0.5,-0.500003,0.496155,-0.477778,-0.500003,0.496155,-0.477778,0.5,0.476926,-0.5,0.5,0.476926,-0.5,-0.500003,0.476926,-0.5,-0.500003,0.476926,0.5,-0.500003,0.496155,0.477778,-0.500003,0.496155,-0.477778,-0.500003,0.496155,0.477778,0.5,0.476926,0.5,-0.500003,0.476926,0.5,0.5,0.496155,0.477778,-0.500003,0.496155,-0.477778,0.5,0.496155,0.477778,0.5,0.511537,-0.440617,-0.500003,0.511537,-0.440617,0.5,0.496155,-0.477778,0.5,0.496155,-0.477778,-0.500003,0.496155,0.477778,-0.500003,0.511537,-0.440617,-0.500003,0.496155,-0.477778,-0.500003,0.511537,0.440617,-0.500003,0.511537,0.440617,0.5,0.496155,0.477778,-0.500003,0.496155,0.477778,0.5,0.511537,0.440617,-0.500003,0.511537,0.440617,0.5,0.511537,-0.440617,0.5,0.517306,-0.39166,-0.500003,0.517306,-0.39166,0.5,0.511537,-0.440617,0.5,0.511537,-0.440617,-0.500003,0.517306,0.39166,-0.500003,0.511537,-0.440617,-0.500003,0.511537,0.440617,-0.500003,0.517306,-0.39166,-0.500003,0.517306,0.39166,0.5,0.511537,0.440617,-0.500003,0.511537,0.440617,0.5,0.517306,0.39166,-0.500003,0.517306,-0.39166,0.5,0.517306,0.39166,0.5]},"normal":{"type":"float32","components":3,"data":[0,0,1,0,0,1,0,0,1,0,0,1,0,1,0,0,1,0,0,1,0,0,1,0,0,0,-1,0,0,-1,0,0,-1,0,0,-1,0,-1,0,0,-1,0,0,-1,0,0,-1,0,1,0,0,1,0,0,1,0,0,1,0,0,-1,0,0,-1,0,0,-1,0,0,-1,0,0,0.75621,-0.654329,0,0.75621,-0.654329,0,0.75621,-0.654329,0,0.75621,-0.654329,0,-1.98143e-07,0,-1,-1.98143e-07,0,-1,-1.98143e-07,0,-1,-1.98143e-07,0,-1,0.75621,0.654329,0,0.75621,0.654329,0,0.75621,0.654329,0,0.75621,0.654329,0,0,0,1,0,0,1,0.923963,-0.382481,0,0.923963,-0.382481,0,0.923963,-0.382481,0,0.923963,-0.382481,0,-1.18661e-06,0,-1,-1.18661e-06,0,-1,-1.18661e-06,0,-1,-1.18661e-06,0,-1,0.923963,0.382481,0,0.923963,0.382481,0,0.923963,0.382481,0,0.923963,0.382481,0,0,0,1,0,0,1,0.99313,-0.117018,0,0.99313,-0.117018,0,0.99313,-0.117018,0,0.99313,-0.117018,0,1.93984e-06,0,-1,1.93984e-06,0,-1,1.93984e-06,0,-1,1.93984e-06,0,-1,0.99313,0.117018,0,0.99313,0.117018,0,0.99313,0.117018,0,0.99313,0.117018,0,0,0,1,0,0,1]},"texCoord0":{"type":"float32","components":2,"data":[0.0645107,0.0236151,0.989702,0.0236151,0.989702,0.973975,0.057735,0.973975,0.810892,0.00632274,0.810892,0.0141901,0.490857,0.00632274,0.490857,0.0141901,0.992262,0.986868,0.992262,0.992725,0.664668,0.992725,0.664668,0.986868,0.165009,0.00632274,0.485044,0.00632274,0.485044,0.0141901,0.165009,0.0141901,0.307125,0.987943,0.0505143,0.987943,0.307125,0.982593,0.0505143,0.982593,0.349419,0.987943,0.677013,0.982593,0.677013,0.987943,0.349419,0.982593,0.0223028,0.982593,0.0223028,0.987943,0.0150228,0.987943,0.0150228,0.982593,0.992262,0.986868,0.664668,0.986868,0.671948,0.984524,0.984982,0.984524,0.335337,0.987943,0.342617,0.982593,0.342617,0.987943,0.335337,0.982593,0.0436244,0.965051,0.0436244,0.0353204,0.0344762,0.982593,0.0344762,0.987943,0.0223028,0.987943,0.0223028,0.982593,0.671948,0.984524,0.972809,0.984364,0.984982,0.984524,0.684122,0.984364,0.323163,0.987943,0.335337,0.982593,0.335337,0.987943,0.323163,0.982593,0.0296255,0.0621278,0.0296255,0.938035,0.0505143,0.982593,0.0505143,0.987943,0.0344762,0.987943,0.0344762,0.982593,0.70016,0.984304,0.972809,0.984364,0.684122,0.984364,0.956771,0.984304,0.307125,0.987943,0.323163,0.982593,0.323163,0.987943,0.307125,0.982593,0.0196909,0.856466,0.0196909,0.143619]}}],"meshes":[{"aabb":{"min":[-0.5,-0.5,-0.500003],"max":[0.517306,0.5,0.5]},"vertices":0,"indices":[0,1,2,0,2,3,4,5,6,6,5,7,8,9,10,8,10,11,12,13,14,12,14,15,16,17,18,17,19,18,20,21,22,21,20,23,24,25,26,26,27,24,28,29,30,28,30,31,32,33,34,33,32,35,0,3,36,0,36,37,38,39,40,40,41,38,42,43,44,43,42,45,46,47,48,47,46,49,36,50,37,50,36,51,52,53,54,54,55,52,56,57,58,57,56,59,60,61,62,61,60,63,64,50,51,50,64,65],"type":"triangles","base":0,"count":108}],"meshInstances":[{"node":1,"mesh":0}]}}