{"model":{"version":3,"nodes":[{"name":"RootNode","position":[0,0,0],"rotation":[0,0,0],"scale":[0.01,0.01,0.01],"scaleCompensation":false},{"name":"training","position":[0,0,0],"rotation":[0,0,0],"scale":[1,1,1],"scaleCompensation":false}],"parents":[-1,0],"skins":[],"morphs":[],"vertices":[{"position":{"type":"float32","components":3,"data":[-5.54116,1.55879,0.5,0.738261,-1.31928,0.5,0.738261,1.55879,0.5,-5.54116,-1.35317,0.5,-5.54116,-1.35317,0.5,0.738261,-1.56022,0.5,0.738261,-1.31928,0.5,-5.54116,-1.56022,0.5,5.45662,-1.32365,0.5,5.37181,-1.29412,0.5,5.45662,-1.42671,0.5,5.37181,-1.56022,0.5,-5.48713,-1.69411,0.5,0.738261,-1.71152,0.5,5.45662,-1.72444,0.5,5.37181,-1.72444,0.5,5.45662,-1.42671,0.5,-5.48713,-1.69411,0.5,-5.35912,-1.81754,0.5,0.738262,-1.81174,0.5,5.37181,-1.80743,0.5,5.45662,-1.72444,0.5,5.37181,-1.72444,0.5,5.45662,-1.80743,0.5,-5.21525,-1.87741,0.5,0.738262,-1.87741,0.5,5.37181,-1.87741,0.5,5.45662,-1.87741,0.5,5.50606,-1.35782,0.5,5.47392,-1.44322,0.5,5.45662,-1.32365,0.5,5.52955,-1.3949,0.5,5.4833,-1.4584,0.5,5.50364,-1.44424,0.5,5.53847,-1.42117,0.5,5.54116,-1.44805,0.5,5.50364,-1.44424,0.5,5.50902,-1.45432,0.5,5.51354,-1.46508,0.5,5.50902,-1.45432,0.5,5.53529,-1.4682,0.5,-5.48053,1.73242,0.5,0.738261,1.55879,0.5,0.738261,1.73242,0.5,-5.54116,1.55879,0.5,-5.36062,1.86893,0.5,0.738261,1.86893,0.5,-5.24338,1.92012,0.5,0.73826,1.92012,0.5,-5.36062,1.86893,0.5,2.88114,-1.80976,0.5,2.88114,-1.87741,0.5,2.88114,-1.71744,0.5,2.88114,-1.56022,0.5,2.88114,-1.30775,0.5,5.37181,1.55879,0.5,2.88114,1.55879,0.5,2.88114,-1.30775,0.5,2.88114,1.55879,0.5,5.31118,1.73242,0.5,2.88114,1.73242,0.5,2.88114,1.73242,0.5,5.19127,1.86893,0.5,2.88113,1.86893,0.5,2.88113,1.86893,0.5,5.07403,1.92012,0.5,2.88113,1.92012,0.5,5.19127,1.86893,0.5,2.43661,-1.81013,0.5,2.43661,-1.87741,0.5,2.43661,-1.71635,0.5,2.43661,-1.56022,0.5,2.43661,-1.30986,0.5,2.43661,1.55879,0.5,2.43661,-1.30986,0.5,2.43661,1.73242,0.5,2.43661,1.73242,0.5,2.43661,1.86893,0.5,2.43661,1.86893,0.5,2.43661,1.92012,0.5,5.37181,-1.92012,0.5,5.45662,-1.92012,0.5,2.88114,-1.92012,0.5,0.738262,-1.92012,0.5,2.43661,-1.92012,0.5,-5.54116,1.55879,-0.5,0.738261,-1.31928,-0.5,-5.54116,-1.35317,-0.5,0.738261,1.55879,-0.5,0.738261,-1.56022,-0.5,-5.54116,-1.35317,-0.5,0.738261,-1.31928,-0.5,-5.54116,-1.56022,-0.5,5.37181,-1.56022,-0.5,5.37181,-1.29412,-0.5,5.45662,-1.42671,-0.5,5.45662,-1.32365,-0.5,-5.48713,-1.69411,-0.5,0.738261,-1.56022,-0.5,0.738261,-1.71152,-0.5,5.45662,-1.72444,-0.5,5.45662,-1.42671,-0.5,5.37181,-1.72444,-0.5,-5.35912,-1.81754,-0.5,0.738262,-1.81174,-0.5,-5.48713,-1.69411,-0.5,5.37181,-1.80743,-0.5,5.45662,-1.72444,-0.5,5.45662,-1.80743,-0.5,5.37181,-1.72444,-0.5,-5.21525,-1.87741,-0.5,0.738262,-1.87741,-0.5,5.37181,-1.87741,-0.5,5.45662,-1.87741,-0.5,5.50606,-1.35782,-0.5,5.47392,-1.44322,-0.5,5.52955,-1.3949,-0.5,5.4833,-1.4584,-0.5,5.50364,-1.44424,-0.5,5.53847,-1.42117,-0.5,5.54116,-1.44805,-0.5,5.50902,-1.45432,-0.5,5.51354,-1.46508,-0.5,5.53529,-1.4682,-0.5,-5.48053,1.73242,-0.5,0.738261,1.55879,-0.5,-5.54116,1.55879,-0.5,0.738261,1.73242,-0.5,-5.36062,1.86893,-0.5,0.738261,1.86893,-0.5,-5.24338,1.92012,-0.5,0.73826,1.92012,-0.5,2.88114,-1.80976,-0.5,2.88114,-1.87741,-0.5,2.88114,-1.71744,-0.5,2.88114,-1.56022,-0.5,2.88114,-1.30775,-0.5,2.88114,-1.30775,-0.5,2.88114,1.55879,-0.5,5.37181,1.55879,-0.5,5.31118,1.73242,-0.5,2.88114,1.73242,-0.5,5.19127,1.86893,-0.5,2.88113,1.86893,-0.5,5.07403,1.92012,-0.5,2.88113,1.92012,-0.5,2.43661,-1.81013,-0.5,2.43661,-1.87741,-0.5,2.43661,-1.71635,-0.5,2.43661,-1.56022,-0.5,2.43661,-1.30986,-0.5,2.43661,-1.30986,-0.5,2.43661,1.55879,-0.5,2.43661,1.73242,-0.5,2.43661,1.86893,-0.5,2.43661,1.92012,-0.5,5.37181,-1.92012,-0.5,5.45662,-1.92012,-0.5,2.88114,-1.92012,-0.5,2.88114,-1.87741,-0.5,0.738262,-1.92012,-0.5,2.43661,-1.92012,-0.5,-5.54116,-1.35317,0.5,-5.54116,1.55879,0.5,-5.54116,1.55879,-0.5,-5.54116,-1.35317,-0.5,-5.54116,-1.56022,0.5,-5.54116,-1.56022,-0.5,5.45662,-1.32365,0.5,5.45662,-1.32365,-0.5,5.37181,-1.29412,0.5,5.37181,-1.29412,-0.5,-5.54116,-1.56022,0.5,-5.54116,-1.56022,-0.5,-5.48713,-1.69411,0.5,-5.48713,-1.69411,-0.5,5.45662,-1.72444,0.5,5.45662,-1.72444,-0.5,5.45662,-1.42671,0.5,5.45662,-1.42671,-0.5,-5.48713,-1.69411,0.5,-5.48713,-1.69411,-0.5,-5.35912,-1.81754,0.5,-5.35912,-1.81754,-0.5,5.45662,-1.80743,0.5,5.45662,-1.80743,-0.5,-5.35912,-1.81754,0.5,-5.35912,-1.81754,-0.5,-5.21525,-1.87741,0.5,-5.21525,-1.87741,-0.5,0.738262,-1.87741,0.5,-5.21525,-1.87741,0.5,-5.21525,-1.87741,-0.5,0.738262,-1.87741,-0.5,5.45662,-1.87741,0.5,5.45662,-1.87741,-0.5,5.45662,-1.42671,0.5,5.45662,-1.42671,-0.5,5.47392,-1.44322,0.5,5.47392,-1.44322,-0.5,5.50606,-1.35782,0.5,5.50606,-1.35782,-0.5,5.45662,-1.32365,0.5,5.45662,-1.32365,-0.5,5.47392,-1.44322,0.5,5.47392,-1.44322,-0.5,5.4833,-1.4584,0.5,5.4833,-1.4584,-0.5,5.52955,-1.3949,0.5,5.52955,-1.3949,-0.5,5.50606,-1.35782,0.5,5.50606,-1.35782,-0.5,5.4833,-1.4584,0.5,5.4833,-1.4584,-0.5,5.50364,-1.44424,0.5,5.50364,-1.44424,-0.5,5.53847,-1.42117,0.5,5.53847,-1.42117,-0.5,5.52955,-1.3949,0.5,5.52955,-1.3949,-0.5,5.50364,-1.44424,0.5,5.50364,-1.44424,-0.5,5.50902,-1.45432,0.5,5.50902,-1.45432,-0.5,5.54116,-1.44805,0.5,5.54116,-1.44805,-0.5,5.53847,-1.42117,0.5,5.53847,-1.42117,-0.5,5.50902,-1.45432,0.5,5.50902,-1.45432,-0.5,5.51354,-1.46508,0.5,5.51354,-1.46508,-0.5,5.51354,-1.46508,0.5,5.51354,-1.46508,-0.5,5.53529,-1.4682,0.5,5.53529,-1.4682,-0.5,5.53529,-1.4682,0.5,5.53529,-1.4682,-0.5,5.54116,-1.44805,0.5,5.54116,-1.44805,-0.5,-5.48053,1.73242,0.5,-5.48053,1.73242,-0.5,-5.54116,1.55879,0.5,-5.54116,1.55879,-0.5,-5.36062,1.86893,0.5,-5.36062,1.86893,-0.5,-5.48053,1.73242,0.5,-5.48053,1.73242,-0.5,-5.24338,1.92012,0.5,0.73826,1.92012,0.5,0.73826,1.92012,-0.5,-5.24338,1.92012,-0.5,-5.24338,1.92012,0.5,-5.24338,1.92012,-0.5,-5.36062,1.86893,0.5,-5.36062,1.86893,-0.5,5.37181,1.55879,0.5,5.37181,-1.29412,0.5,5.37181,-1.29412,-0.5,5.37181,1.55879,-0.5,5.37181,1.55879,0.5,5.37181,1.55879,-0.5,5.31118,1.73242,0.5,5.31118,1.73242,-0.5,5.31118,1.73242,0.5,5.31118,1.73242,-0.5,5.19127,1.86893,0.5,5.19127,1.86893,-0.5,5.19127,1.86893,0.5,5.19127,1.86893,-0.5,5.07403,1.92012,0.5,5.07403,1.92012,-0.5,2.88113,1.92012,0.5,5.07403,1.92012,0.5,5.07403,1.92012,-0.5,2.88113,1.92012,-0.5,2.43661,-1.87741,0.5,2.43661,-1.87741,-0.5,2.88114,-1.87741,0.5,2.88114,-1.87741,-0.5,2.88113,1.92012,0.5,2.88113,1.92012,-0.5,2.43661,1.92012,0.5,2.43661,1.92012,-0.5,2.43661,1.92012,0.5,2.43661,1.92012,-0.5,5.37181,-1.92012,0.5,5.37181,-1.92012,-0.5,5.45662,-1.92012,0.5,5.45662,-1.92012,-0.5,5.45662,-1.92012,0.5,5.45662,-1.92012,-0.5,2.88114,-1.87741,0.5,2.88114,-1.87741,-0.5,2.88114,-1.92012,0.5,2.88114,-1.92012,-0.5,2.88114,-1.92012,0.5,2.88114,-1.92012,-0.5,0.738262,-1.87741,0.5,0.738262,-1.87741,-0.5,0.738262,-1.92012,0.5,0.738262,-1.92012,-0.5,2.43661,-1.92012,0.5,0.738262,-1.92012,0.5,0.738262,-1.92012,-0.5,2.43661,-1.92012,-0.5,2.43661,-1.92012,0.5,2.43661,-1.92012,-0.5,2.43661,-1.87741,0.5,2.43661,-1.87741,-0.5]},"normal":{"type":"float32","components":3,