{"model":{"version":3,"nodes":[{"name":"RootNode","position":[0,0,0],"rotation":[0,0,0],"scale":[0.01,0.01,0.01],"scaleCompensation":false},{"name":"videoDi_Sagad_","position":[-0.382277,-0.690737,0.0731623],"rotation":[0,0,0],"scale":[1,0.881577,1],"scaleCompensation":false}],"parents":[-1,0],"skins":[],"morphs":[],"vertices":[{"position":{"type":"float32","components":3,"data":[-2.64514,3.98995,0,3.40969,-5.19714,0,3.40969,3.98995,0,-2.64514,-5.19714,0,-2.73169,-5.04403,0,-2.64514,-5.19714,0,-2.73169,3.83683,0,3.49625,-5.04403,0,3.49625,3.83683,0,-2.80089,-4.64932,0,-2.73169,-5.04403,0,-2.80089,3.44213,0,3.56544,-4.64932,0,3.49625,-5.04403,0,3.56544,3.44213,0,-2.50022,-5.35026,0,3.26477,-5.35026,0,3.26477,4.14307,0,-2.50022,4.14307,0,-2.23818,-5.45106,0,3.05237,-5.45106,0,-2.23818,4.24387,0,3.05237,4.24387,0,-2.23818,-5.45106,0,2.38401,-5.50372,0,-1.61946,-5.50372,0,2.38401,4.29653,0,-1.61946,4.29653,0]},"normal":{"type":"float32","components":3,"data":[0,0,1,0,0,1,0,0,1,0,0,1,0,0,1,0,0,1,0,0,1,0,0,1,0,0,1,0,0,1,0,0,1,0,0,1,0,0,1,0,0,1,0,0,1,0,0,1,0,0,1,0,0,1,0,0,1,0,0,1,0,0,1,0,0,1,0,0,1,0,0,1,0,0,1,0,0,1,0,0,1,0,0,1]},"texCoord0":{"type":"float32","components":2,"data":[0.207866,0.936111,0.782712,0.0638889,0.782712,0.936111,0.207866,0.0638889,0.199649,0.078426,0.207866,0.0638889,0.199649,0.921574,0.790929,0.078426,0.790929,0.921574,0.19308,0.115899,0.199649,0.078426,0.19308,0.884101,0.797499,0.115899,0.790929,0.078426,0.797499,0.884101,0.221625,0.0493519,0.768953,0.0493519,0.768953,0.950648,0.221625,0.950648,0.246503,0.0397826,0.748788,0.0397826,0.246503,0.960217,0.748788,0.960217,0.246503,0.0397826,0.685334,0.0347827,0.305245,0.0347827,0.685334,0.965217,0.305245,0.965217]}}],"meshes":[{"aabb":{"min":[-2.80089,-5.50372,0],"max":[3.56544,4.29653,0]},"vertices":0,"indices":[0,1,2,1,0,3,0,4,5,4,0,6,2,1,7,2,7,8,6,9,10,9,6,11,12,8,13,8,12,14,15,1,3,1,15,16,0,2,17,0,17,18,19,16,15,16,19,20,17,21,18,21,17,22,23,24,20,24,23,25,26,21,22,21,26,27],"type":"triangles","base":0,"count":66}],"meshInstances":[{"node":1,"mesh":0}]}}