{"model":{"version":3,"nodes":[{"name":"RootNode","position":[0,0,0],"rotation":[0,0,0],"scale":[0.01,0.01,0.01],"scaleCompensation":false},{"name":"play","position":[-0.470515,-1.54602,0],"rotation":[0,-0,1.40334e-14],"scale":[1,1,1],"scaleCompensation":false}],"parents":[-1,0],"skins":[],"morphs":[],"vertices":[{"position":{"type":"float32","components":3,"data":[1.12393,1.12777,0.175402,1.12393,1.12777,-0.175402,1.02634,1.31929,0.175402,1.02634,1.31929,-0.175402,0.874346,1.47129,-0.175402,0.874346,1.47129,0.175402,0.682822,1.56887,-0.175402,0.682822,1.56887,0.175402,0.470515,1.6025,0.175402,0.470515,1.6025,-0.175402,0.258208,1.56887,0.175402,0.258208,1.56887,-0.175402,0.0666837,1.47129,0.175402,0.0666837,1.47129,-0.175402,-0.0853111,1.31929,0.175402,-0.0853111,1.31929,-0.175402,-0.182898,1.12777,0.175402,-0.182898,1.12777,-0.175402,-0.216524,0.915462,-0.175402,-0.216524,0.915462,0.175402,-0.182898,0.703155,-0.175402,-0.182898,0.703155,0.175402,-0.085311,0.511631,-0.175402,-0.085311,0.511631,0.175402,0.0666838,0.359636,0.175402,0.0666838,0.359636,-0.175402,0.258208,0.262049,0.175402,0.258208,0.262049,-0.175402,0.470515,0.228423,-0.175402,0.470515,0.228423,0.175402,0.682822,0.262049,0.175402,0.682822,0.262049,-0.175402,0.874346,0.359636,0.175402,0.874346,0.359636,-0.175402,1.02634,0.511631,-0.175402,1.02634,0.511631,0.175402,1.12393,0.703155,0.175402,1.12393,0.703155,-0.175402,1.15755,0.915462,0.175402,1.15755,0.915462,-0.175402,1.12393,1.12777,0.175402,1.12393,1.12777,-0.175402,1.02634,1.31929,-0.175402,1.12393,1.12777,-0.175402,0.470515,0.915462,-0.175402,0.874346,1.47129,-0.175402,0.682822,1.56887,-0.175402,0.470515,1.6025,-0.175402,0.258208,1.56887,-0.175402,0.0666837,1.47129,-0.175402,-0.0853111,1.31929,-0.175402,-0.182898,1.12777,-0.175402,-0.216524,0.915462,-0.175402,-0.182898,0.703155,-0.175402,-0.085311,0.511631,-0.175402,0.0666838,0.359636,-0.175402,0.258208,0.262049,-0.175402,0.470515,0.228423,-0.175402,0.682822,0.262049,-0.175402,0.874346,0.359636,-0.175402,1.02634,0.511631,-0.175402,1.12393,0.703155,-0.175402,1.15755,0.915462,-0.175402,1.12393,1.12777,0.175402,1.02634,1.31929,0.175402,0.470515,0.915462,0.175402,0.874346,1.47129,0.175402,0.682822,1.56887,0.175402,0.470515,1.6025,0.175402,0.258208,1.56887,0.175402,0.0666837,1.47129,0.175402,-0.0853111,1.31929,0.175402,-0.182898,1.12777,0.175402,-0.216524,0.915462,0.175402,-0.182898,0.703155,0.175402,-0.085311,0.511631,0.175402,0.0666838,0.359636,0.175402,0.258208,0.262049,0.175402,0.470515,0.228423,0.175402,0.682822,0.262049,0.175402,0.874346,0.359636,0.175402,1.02634,0.511631,0.175402,1.12393,0.703155,0.175402,1.15755,0.915462,0.175402]},"normal":{"type":"float32","components":3,"data":[0.951057,0.309016,2.50093e-08,0.951057,0.309016,2.50093e-08,0.809017,0.587785,0,0.809017,0.587785,0,0.587785,0.809017,-2.00075e-07,0.587785,0.809017,-2.00075e-07,0.309017,0.951057,-2.00075e-07,0.309017,0.951057,-2.00075e-07,-1.27372e-07,1,0,-1.43293e-07,1,0,-0.309017,0.951056,0,-0.309017,0.951056,0,-0.587785,0.809017,-1.00037e-07,-0.587785,0.809017,-1.00037e-07,-0.809017,0.587785,-1.00037e-07,-0.809017,0.587785,-1.00037e-07,-0.951057,0.309017,2.50094e-08,-0.951057,0.309017,2.50094e-08,-1,7.96072e-09,2.50093e-08,-1,-1.59214e-08,2.50093e-08,-0.951056,-0.309017,0,-0.951056,-0.309017,0,-0.809017,-0.587785,5.00187e-08,-0.809017,-0.587785,5.00187e-08,-0.587785,-0.809017,1.25047e-07,-0.587785,-0.809017,1.25047e-07,-0.309017,-0.951057,7.50281e-08,-0.309017,-0.951056,7.50281e-08,1.19411e-07,-1,-1.00037e-07,1.27372e-07,-1,-1.00037e-07,0.309017,-0.951056,-1.75066e-07,0.309017,-0.951056,-1.75066e-07,0.587785,-0.809017,-1.25047e-07,0.587785,-0.809017,-1.25047e-07,0.809017,-0.587785,-5.00187e-08,0.809017,-0.587785,-5.00187e-08,0.951056,-0.309017,-1.25047e-08,0.951056,-0.309017,-1.25047e-08,1,-8.11994e-07,1.25047e-08,1,-7.96072e-07,1.25047e-08,0.951057,0.309016,2.50093e-08,0.951057,0.309016,2.50093e-08,-5.10793e-08,1.56428e-08,-1,0,-3.33759e-08,-1,1.27698e-08,4.49204e-09,-1,-3.44574e-14,5.88016e-08,-1,5.10793e-08,2.06274e-08,-1,0,2.1689e-08,-1,-5.10793e-08,2.06274e-08,-1,5.10793e-08,5.88016e-08,-1,7.6619e-08,1.56428e-08,-1,-2.55397e-08,-3.33759e-08,-1,0,3.50935e-08,-1,1.02159e-07,-2.66736e-08,-1,1.02159e-07,-6.95309e-08,-1,-1.02159e-07,6.4963e-08,-1,5.10793e-08,6.18823e-08,-1,1.53238e-07,-2.1689e-08,-1,0,-2.06274e-08,-1,0,-1.75467e-08,-1,-5.10794e-08,-6.95309e-08,-1,-5.10793e-08,-2.66736e-08,-1,0,3.50935e-08,-1,-7.6619e-08,2.66737e-08,1,-7.66189e-08,6.95309e-08,1,-7.66191e-09,-4.49203e-09,1,1.53238e-07,-6.49629e-08,1,-5.10792e-08,-6.18823e-08,1,-2.04317e-07,2.1689e-08,1,0,2.06274e-08,1,0,1.75467e-08,1,5.10793e-08,6.95309e-08,1,5.10794e-08,2.66736e-08,1,0,-3.50935e-08,1,0,3.33759e-08,1,1.02159e-07,-1.56428e-08,1,1.02159e-07,-5.88016e-08,1,0,-2.06274e-08,1,0,-2.1689e-08,1,0,-2.06274e-08,1,-1.02159e-07,-5.88016e-08,1,-1.02159e-07,-1.56428e-08,1,0,3.33759e-08,1,0,-3.50935e-08,1]},"texCoord0":{"type":"float32","components":2,"data":[0.00643143,0.190943,0.00643143,0.0760439,0.0545731,0.190943,0.0545731,0.0760439,0.102715,0.0760439,0.102715,0.190943,0.150857,0.0760439,0.150857,0.190943,0.198998,0.190943,0.198998,0.0760439,0.24714,0.190943,0.24714,0.0760439,0.295282,0.190943,0.295282,0.0760439,0.343423,0.190943,0.343423,0.0760439,0.391565,0.190943,0.391565,0.0760439,0.439707,0.0760439,0.439707,0.190943,0.487848,0.0760439,0.487848,0.190943,0.53599,0.0760439,0.53599,0.190943,0.584132,0.190943,0.584132,0.0760439,0.632273,0.190943,0.632273,0.0760439,0.680415,0.0760439,0.680415,0.190943,0.728557,0.190943,0.728557,0.0760439,0.776698,0.190943,0.776698,0.0760439,0.82484,0.0760439,0.82484,0.190943,0.872982,0.190943,0.872982,0.0760439,0.921124,0.190943,0.921124,0.0760439,0.969265,0.190943,0.969265,0.0760439,0.917506,0.34094,0.948061,0.400907,0.743475,0.458777,0.869916,0.29335,0.809949,0.262795,0.743475,0.252267,0.677001,0.262795,0.617034,0.29335,0.569444,0.34094,0.538889,0.400907,0.528361,0.467381,0.538889,0.533855,0.569444,0.593822,0.617034,0.641412,0.677001,0.671967,0.743475,0.682496,0.809949,0.671967,0.869916,0.641412,0.917506,0.593822,0.948061,0.533855,0.958589,0.467381,0.482984,0.533474,0.452429,0.593441,0.278398,0.458396,0.404839,0.641032,0.344872,0.671586,0.278398,0.682115,0.211924,0.671586,0.151957,0.641032,0.104367,0.593441,0.0738119,0.533474,0.0632835,0.467,0.0738119,0.400526,0.104367,0.340559,0.151957,0.292969,0.211924,0.262414,0.278398,0.251886,0.344872,0.262414,0.404839,0.292969,0.452429,0.340559,0.482984,0.400526,0.493512,0.467]}}],"meshes":[{"aabb":{"min":[-0.216524,0.228423,-0.175402],"max":[1.15755,1.6025,0.175402]},"vertices":0,"indices":[0,1,2,2,1,3,2,4,5,4,2,3,5,6,7,6,5,4,8,7,6,8,6,9,10,8,9,10,9,11,10,11,12,12,11,13,12,13,14,14,13,15,14,15,16,16,15,17,16,18,19,18,16,17,19,20,21,20,19,18,21,22,23,22,21,20,23,22,24,24,22,25,24,25,26,26,25,27,26,28,29,28,26,27,30,29,28,30,28,31,30,31,32,32,31,33,32,34,35,34,32,33,35,34,36,36,34,37,38,36,37,38,37,39,40,38,39,40,39,41,42,43,44,45,42,44,46,45,44,47,46,44,48,47,44,49,48,44,50,49,44,51,50,44,52,51,44,53,52,44,54,53,44,55,54,44,56,55,44,57,56,44,58,57,44,59,58,44,60,59,44,61,60,44,62,61,44,43,62,44,63,64,65,64,66,65,66,67,65,67,68,65,68,69,65,69,70,65,70,71,65,71,72,65,72,73,65,73,74,65,74,75,65,75,76,65,76,77,65,77,78,65,78,79,65,79,80,65,80,81,65,81,82,65,82,83,65,83,63,65],"type":"triangles","base":0,"count":240}],"meshInstances":[{"node":1,"mesh":0}]}}