{"model":{"version":3,"nodes":[{"name":"RootNode","position":[0,0,0],"rotation":[0,0,0],"scale":[0.01,0.01,0.01],"scaleCompensation":false},{"name":"consultingSG","position":[1.7,4.42027,0],"rotation":[0,0,0],"scale":[2.87094,1.81961,0.25],"scaleCompensation":false}],"parents":[-1,0],"skins":[],"morphs":[],"vertices":[{"position":{"type":"float32","components":3,"data":[0.476927,0.5,0.5,-0.5,0.5,0.5,-0.5,-0.5,0.5,0.476927,-0.5,0.5,0.476927,0.5,0.5,0.476927,0.5,-0.500003,-0.5,0.5,0.5,-0.5,0.5,-0.500003,0.476927,-0.5,-0.500003,-0.5,-0.5,-0.500003,-0.5,0.5,-0.500003,0.476927,0.5,-0.500003,0.476927,-0.5,0.5,-0.5,-0.5,0.5,-0.5,-0.5,-0.500003,0.476927,-0.5,-0.500003,0.517306,0.39166,0.5,0.517306,-0.39166,0.5,0.517306,0.39166,-0.500003,0.517306,-0.39166,-0.500003,-0.5,0.5,0.5,-0.5,-0.5,-0.500003,-0.5,-0.5,0.5,-0.5,0.5,-0.500003,0.496155,-0.477778,-0.500003,0.496155,-0.477778,0.5,0.476927,-0.5,0.5,0.476927,-0.5,-0.500003,0.476927,-0.5,-0.500003,0.476927,0.5,-0.500003,0.496155,0.477778,-0.500003,0.496155,-0.477778,-0.500003,0.496155,0.477778,0.5,0.476927,0.5,-0.500003,0.476927,0.5,0.5,0.496155,0.477778,-0.500003,0.476927,0.5,0.5,0.476927,-0.5,0.5,0.496155,-0.477778,0.5,0.496155,0.477778,0.5,0.511538,-0.440618,-0.500003,0.511538,-0.440618,0.5,0.496155,-0.477778,0.5,0.496155,-0.477778,-0.500003,0.511538,0.440617,-0.500003,0.496155,-0.477778,-0.500003,0.496155,0.477778,-0.500003,0.511538,-0.440618,-0.500003,0.511538,0.440617,0.5,0.496155,0.477778,-0.500003,0.496155,0.477778,0.5,0.511538,0.440617,-0.500003,0.496155,-0.477778,0.5,0.511538,0.440617,0.5,0.496155,0.477778,0.5,0.511538,-0.440618,0.5,0.517306,-0.39166,-0.500003,0.517306,-0.39166,0.5,0.511538,-0.440618,0.5,0.511538,-0.440618,-0.500003,0.511538,0.440617,-0.500003,0.517306,-0.39166,-0.500003,0.511538,-0.440618,-0.500003,0.517306,0.39166,-0.500003,0.517306,0.39166,0.5,0.511538,0.440617,-0.500003,0.511538,0.440617,0.5,0.517306,0.39166,-0.500003,0.517306,-0.39166,0.5,0.517306,0.39166,0.5]},"normal":{"type":"float32","components":3,"data":[0,0,1,0,0,1,0,0,1,0,0,1,0,1,0,0,1,0,0,1,0,0,1,0,0,0,-1,0,0,-1,0,0,-1,0,0,-1,0,-1,0,0,-1,0,0,-1,0,0,-1,0,1,0,0,1,0,0,1,0,0,1,0,0,-1,0,0,-1,0,0,-1,0,0,-1,0,0,0.756216,-0.654322,0,0.756216,-0.654322,0,0.756216,-0.654322,0,0.756216,-0.654322,0,-1.98146e-07,0,-1,-1.98146e-07,0,-1,-1.98146e-07,0,-1,-1.98146e-07,0,-1,0.756216,0.654322,0,0.756216,0.654322,0,0.756216,0.654322,0,0.756216,0.654322,0,0,0,1,0,0,1,0,0,1,0,0,1,0.92396,-0.382489,0,0.92396,-0.382489,0,0.92396,-0.382489,0,0.92396,-0.382489,0,-1.18659e-06,0,-1,-1.18659e-06,0,-1,-1.18659e-06,0,-1,-1.18659e-06,0,-1,0.923961,0.382486,0,0.923961,0.382486,0,0.923961,0.382486,0,0.923961,0.382486,0,0,0,1,0,0,1,0,0,1,0,0,1,0.993129,-0.117022,0,0.993129,-0.117022,0,0.993129,-0.117022,0,0.993129,-0.117022,0,1.93976e-06,0,-1,1.93976e-06,0,-1,1.93976e-06,0,-1,1.93976e-06,0,-1,0.993129,0.117022,0,0.993129,0.117022,0,0.993129,0.117022,0,0.993129,0.117022,0,0,0,1,0,0,1]},"texCoord0":{"type":"float32","components":2,"data":[0.949682,0.976611,0.0147335,0.976045,0.0151651,0.0237469,0.949682,0.0236438,0.630846,0.990891,0.303252,0.991112,0.630846,0.989804,0.303251,0.990025,0.0136398,0.0100617,0.0138396,0.00689674,0.34143,0.0078106,0.34123,0.0109756,0.63175,0.9835,0.631751,0.984789,0.304156,0.98501,0.304155,0.983721,0.685918,0.00882782,0.685895,0.0121145,0.358326,0.00791575,0.358303,0.0112024,0.302078,0.987436,0.629674,0.989002,0.302079,0.989223,0.629673,0.987215,0.358285,0.0137295,0.685876,0.0146416,0.685875,0.0148356,0.358283,0.0139235,0.0136398,0.0100617,0.34123,0.0109756,0.333933,0.0129242,0.0209023,0.0119986,0.685936,0.00630068,0.358346,0.00519464,0.685938,0.00610671,0.358345,0.00538861,0.949682,0.976611,0.949682,0.0236438,0.967864,0.0468434,0.965329,0.956286,0.358287,0.0134052,0.685879,0.0143172,0.685876,0.0146416,0.358285,0.0137295,0.321745,0.0144606,0.0209023,0.0119986,0.333933,0.0129242,0.0330615,0.013607,0.685934,0.00662505,0.358345,0.00538861,0.685936,0.00630068,0.358342,0.00571298,0.967864,0.0468434,0.978311,0.923387,0.965329,0.956286,0.981154,0.080224,0.358303,0.0112024,0.685895,0.0121145,0.685879,0.0143172,0.358287,0.0134052,0.321745,0.0144606,0.0490943,0.014244,0.0330615,0.013607,0.305702,0.0150028,0.685918,0.00882782,0.358342,0.00571298,0.685934,0.00662505,0.358326,0.00791575,0.989663,0.11617,0.990232,0.875307]}}],"meshes":[{"aabb":{"min":[-0.5,-0.5,-0.500003],"max":[0.517306,0.5,0.5]},"vertices":0,"indices":[0,1,2,0,2,3,4,5,6,6,5,7,8,9,10,8,10,11,12,13,14,12,14,15,16,17,18,17,19,18,20,21,22,21,20,23,24,25,26,26,27,24,28,29,30,28,30,31,32,33,34,33,32,35,36,37,38,36,38,39,40,41,42,42,43,40,44,45,46,45,44,47,48,49,50,49,48,51,52,53,54,53,52,55,56,57,58,58,59,56,60,61,62,61,60,63,64,65,66,65,64,67,68,53,55,53,68,69],"type":"triangles","base":0,"count":108}],"meshInstances":[{"node":1,"mesh":0}]}}