{"model":{"version":3,"nodes":[{"name":"RootNode","position":[0,0,0],"rotation":[0,0,0],"scale":[0.01,0.01,0.01],"scaleCompensation":false},{"name":"eLearning","position":[1.77486,-1.93899,0],"rotation":[0,0,0],"scale":[2.96033,2.53723,0.270744],"scaleCompensation":false}],"parents":[-1,0],"skins":[],"morphs":[],"vertices":[{"position":{"type":"float32","components":3,"data":[0.5,0.5,0.5,-0.5,0.5,0.5,-0.5,-0.5,0.5,0.5,-0.5,0.5,0.5,0.5,0.5,0.5,0.5,-0.5,-0.5,0.5,0.5,-0.5,0.5,-0.5,0.5,-0.5,-0.5,-0.5,-0.5,-0.5,-0.5,0.5,-0.5,0.5,0.5,-0.5,0.5,-0.5,0.5,-0.5,-0.5,0.5,-0.5,-0.5,-0.5,0.5,-0.5,-0.5,0.5,0.5,0.5,0.5,-0.5,0.5,0.5,0.5,-0.5,0.5,-0.5,-0.5,-0.5,0.5,0.5,-0.5,-0.5,-0.5,-0.5,-0.5,0.5,-0.5,0.5,-0.5]},"normal":{"type":"float32","components":3,"data":[0,0,1,0,0,1,0,0,1,0,0,1,0,1,0,0,1,0,0,1,0,0,1,0,0,0,-1,0,0,-1,0,0,-1,0,0,-1,0,-1,0,0,-1,0,0,-1,0,0,-1,0,1,0,0,1,0,0,1,0,0,1,0,0,-1,0,0,-1,0,0,-1,0,0,-1,0,0]},"texCoord0":{"type":"float32","components":2,"data":[0.919969,1.00209,-0.00116562,1.00209,-0.00116562,0.00372843,0.919969,0.00372843,0.985459,0.0445097,0.985459,0.338698,0.964086,0.0445097,0.964086,0.338698,0.985459,0.632886,0.964086,0.632886,0.964086,0.338698,0.985459,0.338698,0.985459,0.927075,0.964086,0.927075,0.964086,0.632886,0.985459,0.632886,0.741372,0.982044,0.741372,0.958378,0.991372,0.982044,0.991372,0.958378,0.258628,0.98165,0.00862846,0.957984,0.258628,0.957984,0.00862846,0.98165]}}],"meshes":[{"aabb":{"min":[-0.5,-0.5,-0.5],"max":[0.5,0.5,0.5]},"vertices":0,"indices":[0,1,2,0,2,3,4,5,6,6,5,7,8,9,10,8,10,11,12,13,14,12,14,15,16,17,18,17,19,18,20,21,22,21,20,23],"type":"triangles","base":0,"count":36}],"meshInstances":[{"node":1,"mesh":0}]}}