{"model":{"version":3,"nodes":[{"name":"RootNode","position":[0,0,0],"rotation":[0,0,0],"scale":[0.01,0.01,0.01],"scaleCompensation":false},{"name":"fb","position":[5,1.07096,0],"rotation":[90,0,0],"scale":[0.536567,0.0781476,0.536567],"scaleCompensation":false}],"parents":[-1,0],"skins":[],"morphs":[],"vertices":[{"position":{"type":"float32","components":3,"data":[0.809018,-1,-0.587786,0.809018,1,-0.587786,0.951057,-1,-0.309017,0.951057,1,-0.309017,0.587786,1,-0.809017,0.587786,-1,-0.809017,0.309017,-1,-0.951057,0.309017,1,-0.951057,0,1,-1,0,-1,-1,-0.309017,1,-0.951057,-0.309017,-1,-0.951057,-0.587785,-1,-0.809017,-0.587785,1,-0.809017,-0.809017,1,-0.587785,-0.809017,-1,-0.587785,-0.951057,1,-0.309017,-0.951057,-1,-0.309017,-1,1,0,-1,-1,0,-0.951057,1,0.309017,-0.951057,-1,0.309017,-0.809017,1,0.587785,-0.809017,-1,0.587785,-0.587785,1,0.809017,-0.587785,-1,0.809017,-0.309017,1,0.951057,-0.309017,-1,0.951057,-2.98023e-08,1,1,-2.98023e-08,-1,1,0.309017,1,0.951057,0.309017,-1,0.951057,0.587785,1,0.809017,0.587785,-1,0.809017,0.809017,1,0.587785,0.809017,-1,0.587785,0.951057,-1,0.309017,0.951057,1,0.309017,1,-1,0,1,1,0,0.951057,-1,-0.309017,0.951057,1,-0.309017,0.809018,-1,-0.587786,0.951057,-1,-0.309017,0,-1,0,0.587786,-1,-0.809017,0.309017,-1,-0.951057,0,-1,-1,-0.309017,-1,-0.951057,-0.587785,-1,-0.809017,-0.809017,-1,-0.587785,-0.951057,-1,-0.309017,-1,-1,0,-0.951057,-1,0.309017,-0.809017,-1,0.587785,-0.587785,-1,0.809017,-0.309017,-1,0.951057,-2.98023e-08,-1,1,0.309017,-1,0.951057,0.587785,-1,0.809017,0.809017,-1,0.587785,0.951057,-1,0.309017,1,-1,0,0.951057,1,-0.309017,0.809018,1,-0.587786,0,1,0,0.587786,1,-0.809017,0.309017,1,-0.951057,0,1,-1,-0.309017,1,-0.951057,-0.587785,1,-0.809017,-0.809017,1,-0.587785,-0.951057,1,-0.309017,-1,1,0,-0.951057,1,0.309017,-0.809017,1,0.587785,-0.587785,1,0.809017,-0.309017,1,0.951057,-2.98023e-08,1,1,0.309017,1,0.951057,0.587785,1,0.809017,0.809017,1,0.587785,0.951057,1,0.309017,1,1,0]},"normal":{"type":"float32","components":3,"data":[0.809017,0,-0.587785,0.809017,0,-0.587785,0.951057,0,-0.309016,0.951057,0,-0.309016,0.587785,0,-0.809017,0.587785,0,-0.809017,0.309017,0,-0.951057,0.309017,0,-0.951057,-9.20956e-08,0,-1,-9.20956e-08,0,-1,-0.309017,0,-0.951056,-0.309017,0,-0.951056,-0.587785,0,-0.809017,-0.587785,0,-0.809017,-0.809017,0,-0.587785,-0.809017,0,-0.587785,-0.951057,0,-0.309017,-0.951057,0,-0.309017,-1,0,0,-1,0,0,-0.951056,0,0.309017,-0.951056,0,0.309017,-0.809017,0,0.587785,-0.809017,0,0.587785,-0.587785,0,0.809017,-0.587785,0,0.809017,-0.309017,0,0.951057,-0.309017,0,0.951057,9.20956e-08,0,1,9.20956e-08,0,1,0.309017,0,0.951056,0.309017,0,0.951056,0.587785,0,0.809017,0.587785,0,0.809017,0.809017,0,0.587785,0.809017,0,0.587785,0.951056,0,0.309017,0.951056,0,0.309017,1,0,9.59329e-07,1,0,9.59329e-07,0.951057,0,-0.309016,0.951057,0,-0.309016,0,-1,0,0,-1,0,0,-1,0,0,-1,0,0,-1,0,0,-1,0,0,-1,0,0,-1,0,0,-1,0,0,-1,0,0,-1,0,0,-1,0,0,-1,0,0,-1,0,0,-1,0,0,-1,0,0,-1,0,0,-1,0,0,-1,0,0,-1,0,0,-1,0,0,1,0,0,1,0,0,1,0,0,1,0,0,1,0,0,1,0,0,1,0,0,1,0,0,1,0,0,1,0,0,1,0,0,1,0,0,1,0,0,1,0,0,1,0,0,1,0,0,1,0,0,1,0,0,1,0,0,1,0,0,1,0]},"texCoord0":{"type":"float32","components":2,"data":[0.754945,0.954044,0.754945,0.980406,0.742445,0.954044,0.742445,0.980406,0.767445,0.980406,0.767445,0.954044,0.779945,0.954044,0.779945,0.980406,0.792445,0.980406,0.792445,0.954044,0.804945,0.980406,0.804945,0.954044,0.817445,0.954044,0.817445,0.980406,0.829945,0.980406,0.829945,0.954044,0.842445,0.980406,0.842445,0.954044,0.854945,0.980406,0.854945,0.954044,0.867445,0.980406,0.867445,0.954044,0.879945,0.980406,0.879945,0.954044,0.892445,0.980406,0.892445,0.954044,0.904945,0.980406,0.904945,0.954044,0.917445,0.980406,0.917445,0.954044,0.929945,0.980406,0.929945,0.954044,0.942445,0.980406,0.942445,0.954044,0.954945,0.980406,0.954945,0.954044,0.967445,0.954044,0.967445,0.980406,0.979945,0.954044,0.979945,0.980406,0.992445,0.954044,0.992445,0.980406,0.720329,0.957065,0.722397,0.961124,0.70855,0.965041,0.717108,0.953844,0.713049,0.951776,0.70855,0.951064,0.704051,0.951776,0.699992,0.953844,0.696771,0.957065,0.694703,0.961124,0.693991,0.965623,0.694703,0.970122,0.696771,0.974181,0.699992,0.977402,0.704051,0.97947,0.70855,0.980182,0.713049,0.97947,0.717108,0.977402,0.720329,0.974181,0.722397,0.970122,0.723109,0.965623,0.888918,0.628619,0.830088,0.745881,0.495008,0.481805,0.738458,0.838942,0.622997,0.89869,0.495008,0.919278,0.367019,0.89869,0.251558,0.838942,0.159928,0.745881,0.101098,0.628619,0.0808261,0.498631,0.101098,0.368644,0.159928,0.251381,0.251558,0.158321,0.367019,0.0985722,0.495008,0.0779844,0.622997,0.0985722,0.738458,0.158321,0.830088,0.251381,0.888918,0.368644,0.909189,0.498631]}}],"meshes":[{"aabb":{"min":[-1,-1,-1],"max":[1,1,1]},"vertices":0,"indices":[0,1,2,3,2,1,4,0,5,0,4,1,6,7,5,5,7,4,8,6,9,6,8,7,10,9,11,9,10,8,12,13,11,11,13,10,14,12,15,12,14,13,16,15,17,15,16,14,18,17,19,17,18,16,20,19,21,19,20,18,22,21,23,21,22,20,22,23,24,24,23,25,24,25,26,26,25,27,26,27,28,28,27,29,28,29,30,30,29,31,30,31,32,32,31,33,32,33,34,34,33,35,36,37,35,34,35,37,38,39,36,37,36,39,40,41,38,39,38,41,42,43,44,45,42,44,46,45,44,47,46,44,48,47,44,49,48,44,50,49,44,51,50,44,52,51,44,53,52,44,54,53,44,55,54,44,56,55,44,57,56,44,58,57,44,59,58,44,60,59,44,61,60,44,62,61,44,43,62,44,63,64,65,64,66,65,66,67,65,67,68,65,68,69,65,69,70,65,70,71,65,71,72,65,72,73,65,73,74,65,74,75,65,75,76,65,76,77,65,77,78,65,78,79,65,79,80,65,80,81,65,81,82,65,82,83,65,83,63,65],"type":"triangles","base":0,"count":240}],"meshInstances":[{"node":1,"mesh":0}]}}